year	averageRating	totalCount
1894	5.616666666666666	6
1892	6.266666666666667	3
1893	6.2	1
1895	5.436842105263157	19
1896	4.997087378640777	103
1898	5.090909090909092	11
1897	4.866666666666666	36
1900	5.2	1
1899	4.8	1
