genre	averageRating	totalCount
Documentary	5.113698630136985	73
Short	5.058659217877094	179
Animation	6.225	4
Comedy	5.182142857142857	28
Romance	6.2	2
Sport	4.6571428571428575	7
Action	7.4	1
News	4.7	5
Drama	4.800000000000002	7
Fantasy	5.3500000000000005	6
Horror	5.82	10
Biography	5.1	1
Music	4.6	1
War	4.7	1
Crime	4.6	1
Western	4.8	1
